NP,Title
1,Africa Pilot Vol 1
2,Africa Pilot Vol 2
3,Africa Pilot Vol 3
4,South-East Alaska Pilot
5,South America Pilot Vol 1
6,South America Pilot Vol 2
7,South America Pilot Vol 3
7A,South America Pilot Vol 4
8,Pacific Coasts Central America and USA Pilot
9,Antarctic Pilot
10,Arctic Pilot Vol 1
11,Arctic Pilot Vol 2
12,Arctic Pilot Vol 3
13,Australia Pilot Vol 1
14,Australia Pilot Vol 2
15,Australia Pilot Vol 3
18,Baltic Pilot Vol 1
19,Baltic Pilot Vol 2
20,Baltic Pilot Vol 3
21,Bay of Bengal Pilot
22,Bay of Biscay Pilot
23,Bering Sea and Strait Pilot
24,Black Sea and Sea of Azov Pilot
25,British Columbia Pilot Vol 1
26,British Columbia Pilot Vol 2
27,Channel Pilot
28,Dover Strait Pilot
30,China Sea Pilot Vol 1
31,China Sea Pilot Vol 2
32,China Sea Pilot Vol 3
33,Philippine Islands Pilot
34,Indonesia Pilot Vol 2
35,Indonesia Pilot Vol 3
36,Indonesia Pilot Vol 1
37,West Coast of England and Wales Pilot
38,West Coast of India Pilot
39,South Indian Ocean Pilot
40,Irish Coast Pilot
41,Japan Pilot Vol 1
42A,Japan Pilot Vol 2
42B,Japan Pilot Vol 3
42C,Japan Pilot Vol 4
43,South and East Coasts of Korea, East Coast of Siberia Pilot and Sea of Okhotsk Pilot
44,Malacca Strait and W Coast Sumatera Pilot
45,Mediterranean Pilot Vol 1
46,Mediterranean Pilot Vol 2
47,Mediterranean Pilot Vol 3
48,Mediterranean Pilot Vol 4
49,Mediterranean Pilot Vol 5
50,Newfoundland and Labrador Pilot
51,New Zealand Pilot
52,North Coast of Scotland Pilot
54,North Sea (West) Pilot
55,North Sea (East) Pilot
56,Norway Pilot Vol 1
57A,Norway Pilot Vol 2A
57B,Norway Pilot Vol 2B
58A,Norway Pilot Vol 3A
58B,Norway Pilot Vol 3B
59,Nova Scotia and Bay of Fundy Pilot
60,Pacific Islands Pilot Vol 1
61,Pacific Islands Pilot Vol 2
62,Pacific Islands Pilot Vol 3
63,Persian Gulf Pilot
64,Red Sea and Gulf of Aden Pilot
65,St Lawrence Pilot
66A,South West Coast of Scotland Pilot
66B,North West Coast of Scotland Pilot
67,West Coasts of Spain and Portugal Pilot
68,East Coast of USA  Pilot Vol 1
69,East Coast of USA  Pilot Vol 2
69A,East Coast of Central America and Gulf of Mexico Pilot
70,West Indies Pilot Vol 1
71,West Indies Pilot Vol 2
72,South Barents Sea and Beloye More Pilot
100,TheMarinerâ„¢sHandbook
